Gene Name,0h-1,0h-2,0h-3,3h-1,3h-2,3h-3,9h-1,9h-2,9h-3,12h-1,12h-2,12h-3
Phex10128 CYP,0.847183,1.281657,1.343273,-0.566182,-0.246244,0.063536,0.005724,-0.552206,-0.005724,-0.070713,-0.152232,0.215928
Phex10271 OMT,0.471887,0.845325,0.892263,-0.173964,-0.546355,-0.062169,-0.389261,0.062169,0.166909,0.16893,-0.557576,-0.388346
Phex10430 2-ODD,0.138161,0.213451,0.433813,-0.465595,-1.284609,0.20539,0.063272,-0.621118,0.151786,-0.415065,-0.063272,-0.116257
Phex10528 OMT,0.004109,0.603075,1.063352,-0.114811,-0.926386,-0.073155,0.374214,0.089432,-0.004109,-0.18912,-0.064616,0.074805
Phex10546 2-ODD,0.292786,0.823163,1.366886,-0.976954,-2.737909,0.369196,-0.33813,-0.110028,0.110028,0.224287,-0.247617,-0.183916
Phex10547 2-ODD,1.15026,0.924396,1.958144,0.791504,0.209406,-3.513978,-0.641187,-0.209406,-0.25334,-1.592775,0.765971,-0.642552
Phex10710 OMT,0.273896,0.454497,0.781213,-0.010444,-0.416972,0.104705,-0.102241,-0.061218,0.208322,-0.105072,-0.373189,0.010444
Phex10805 OMT,-0.289967,0.071965,0.432301,-0.557914,-1.177754,-0.071965,0.920192,-0.092509,1.447543,-0.58315,1.201912,1.742738
Phex10825 OMT,-0.517853,0.149481,0.555093,-0.766138,-1.530004,-0.317838,0.298722,-0.077876,0.766858,-0.400358,0.077876,0.125348
Phex11000 OMT,2.009241,1.737366,2.247274,-0.482651,-0.474051,0.12917,-0.512067,0.080076,-0.080076,0.560365,-0.36269,-0.366844
Phex11051 OMT,0.334952,-0.466985,0.223286,-0.261877,-0.223286,-0.594377,0.268527,-0.614759,0.459618,-0.258934,0.345539,0.322187
Phex11078 OMT,-0.183049,0.713661,-0.07362,-0.986841,0.07362,-0.300712,0.751291,-0.118478,0.466349,-0.354683,0.178513,1.258425
Phex11126 OMT,0.045961,0.557642,0.656946,0.091779,-0.775163,0.138048,-0.372979,-0.045961,0.305336,-0.469024,-0.259569,-0.084349
Phex11279 CYP,-0.000285,0.937474,1.757049,0.433746,-0.861737,0.065068,0.269429,-2.515798,-0.575599,0.000285,-0.508196,-1.045145
Phex11315 2-ODD,-1.697323,-1.045784,-1.896851,0.55493,0.171674,0.683877,0.013654,0.111606,-0.381712,-0.013654,0.119932,-0.218945
Phex11406 OMT,0.099994,1.019812,1.45384,-0.28691,0.268475,-0.302024,-0.306343,-0.331497,1.24332,0.674561,-0.31767,-0.099994
Phex11668 CYP,0.3384,1.752594,1.643717,-0.349236,-0.906783,-1.618967,0.59338,-0.650544,-0.602462,1.000785,1.169448,-0.3384
Phex11797 CYP,0.756256,-1.107365,0.606184,-0.52159,-0.508808,-0.176205,-0.097959,0.188017,0.097959,-0.996768,0.838997,0.5713
Phex11849 OMT,0.068129,0.965597,1.03645,-0.069556,-3.46744,-0.484942,-1.911632,-0.072699,0.57264,-0.068129,0.383396,0.423066
Phex12002 CYP,0.031444,0.239989,0.570829,-0.34102,-1.07142,-0.031444,0.531891,-0.456887,1.78103,-0.338749,-0.092539,0.101484
Phex12225 OMT,0.287693,0.277314,0.539721,-0.395814,-0.744699,-0.043222,0.043222,-0.742268,-0.161014,0.245763,0.282707,-0.834428
Phex12448 OMT,0.266864,0.823644,1.096483,-0.268366,-0.633723,0.289246,-0.521835,-0.359169,0.431758,0.008692,-0.008692,-0.280778
Phex12536 OMT,0.395767,0.233994,1.164514,-0.603359,-0.491299,0.003155,-0.003155,-0.877245,-0.2808,0.02495,-0.714085,0.403571
Phex12632 CYP,0.018573,0.035474,0.554948,-0.154606,-0.805308,-0.325979,0.207373,-0.378167,-0.028916,0.057943,-0.018573,0.303687
Phex12733 2-ODD,1.091198,1.469348,1.670879,-0.268631,-0.335935,-0.211614,-0.022749,0.390297,-0.070134,0.022749,0.666263,-0.17806
Phex12819 2-ODD,-0.510412,0.148103,0.298148,-0.724024,-0.981974,-0.803484,0.186606,0.197837,0.062872,0.047265,-0.047265,-0.187059
Phex12874 2-ODD,-0.370482,0.125653,0.847002,0.106247,-0.390559,0.051367,0.227264,-0.869045,0.011741,-0.648464,-0.41027,-0.011741
Phex12898 CYP,0.927561,1.593666,1.773225,-1.095115,-0.423328,0.280621,-0.077409,-0.088347,-1.490245,0.077409,0.443002,-1.033479
Phex12923 2-ODD,0.443241,0.840997,0.679417,-0.672202,-1.011677,-0.264565,0.101294,-0.101294,0.210572,-0.845057,-0.477249,0.34803
Phex12992 OMT,-1.646358,1.066016,1.007091,-0.389541,-0.023634,-0.079611,-0.104483,0.017236,-0.017236,0.161735,0.062902,0.103739
Phex13111 CYP,0.717721,-0.121621,0.676093,0.015775,-0.741184,-0.141607,-0.591259,1.053998,0.295337,-0.650543,0.168153,-0.015775
Phex13114 OMT1,-4.172838,-2.693067,-2.212067,0.410793,-0.410793,0.524881,1.370893,-1.323653,0.9195,-0.524808,0.584812,1.331757
Phex13115 OMT1,-3.978847,-3.334989,-2.816607,0.210876,-0.210876,0.273962,1.279795,-1.663796,0.790938,-0.632257,0.589218,1.383616
Phex13252 OMT,-0.612893,0.200075,0.777716,-0.113694,-0.535764,0.014669,-0.006795,-0.083163,0.160738,-0.134786,0.006795,0.256037
Phex13288 OMT,0.064823,0.613278,0.976796,0.164676,-0.26728,0.349868,-0.064823,-0.558585,-0.253401,-0.839378,-0.243756,0.208613
Phex13451 2-ODD1,-0.261499,0.033874,0.228814,-0.200314,-0.610767,-0.366392,0.166287,0.112204,-0.613616,0.133547,-0.033874,0.216022
Phex13520 CYP,-0.187312,0.709248,1.616588,-3.851727,-0.935098,0.187312,0.710345,-2.840685,-0.496454,-1.297782,0.572687,0.596494
Phex13568 2-ODD,-0.323215,0.119961,0.562437,-0.337398,-1.1895,-0.314231,0.007258,0.122447,0.451708,-0.404542,0.487868,-0.007258
Phex13646 2-ODD,-0.485339,-0.009621,0.414478,-0.215956,-0.747605,-0.097173,-0.002424,0.430747,0.002424,0.316597,0.298063,0.289755
Phex13767 OMT,0.023674,0.504197,0.499182,-0.128533,-1.137174,-0.137727,-0.134577,0.424929,-0.023674,0.041951,0.113524,-0.04216
Phex14099 2-ODD,-1.367123,-0.109042,0.419005,0.415813,-0.058098,0.652232,0.058098,-0.506267,-0.088727,-0.480442,0.153704,0.426144
Phex14196 CYP,1.184754,1.224692,1.100029,-0.453172,-0.791474,-0.240269,0.17388,-0.252116,0.381035,0.596678,-1.49555,-0.17388
Phex1420 CYPb_1,-1.116475,-0.057626,0.592465,-0.708154,-1.358034,-0.024357,0.136196,-2.8952,0.6811,0.024357,0.101851,0.26843
Phex14202 OMT,0.102753,0.587012,0.157094,0.038543,-0.853114,0.044067,-0.038543,-0.203061,0.139261,-0.536438,-0.621728,-0.737097
Phex1421 CYP,-0.31979,0.321962,0.366225,0.789385,-0.764888,0.356657,0.187344,-0.619611,0.261327,-0.194617,-0.187344,-0.722585
Phex1422 CYPb_3,-0.259441,0.102778,0.691235,-1.774878,-0.357902,0.049265,-0.816083,-0.049265,-0.290329,0.181666,0.945418,0.972144
Phex1423 CYPb_4,-0.056335,0.462396,0.778545,-0.001766,-0.333064,0.46694,0.001766,-0.266899,-0.015682,-0.078915,0.420685,0.464439
Phex14321 CYP,0.444476,0.708997,1.225645,-0.960209,-0.569805,-0.071485,-0.099966,-1.232878,0.198487,0.416193,0.071485,-0.986365
Phex14788 OMT,-0.041355,1.38572,1.609849,-0.483977,0.449719,-0.383413,0.197465,0.66394,-0.191232,-0.580153,0.041355,-0.190532
Phex15006 2-ODD,-0.601598,-0.090608,0.371676,-0.57877,-1.496659,-1.534337,0.584534,0.096282,0.342229,-0.143139,0.304732,0.090608
Phex15084 CYP,0.464349,1.209831,1.477785,-0.357049,-0.589907,-0.093624,-0.179521,-0.733938,0.093624,-0.433876,0.664696,0.212809
Phex15199 CYP,-5.133943,-4.67514,-3.310651,0.969421,0.313342,0.603215,1.744777,0.291521,1.906359,-1.389847,-0.802223,-0.291521
Phex15393 2-ODD,0.357587,0.672677,0.624305,0.103726,-0.269589,-0.293767,-0.110892,-0.496426,-0.103726,0.314282,-0.47656,0.22193
Phex15407 OMT,-0.521837,0.702317,0.650062,-0.528983,-0.708459,-0.13848,-0.000051,-0.322917,0.160105,0.091345,0.408579,0.000051
Phex1550 2-ODD2_1,-2.074754,-1.35487,-0.782136,-0.243432,-1.034517,0.205376,1.127641,-0.205376,1.223137,0.858277,1.990852,1.682956
Phex15859 OMT,-0.199412,0.971132,1.443729,-0.661532,-0.577228,-0.448887,0.098679,-0.202386,0.34085,-0.098679,0.34554,0.352659
Phex16010 OMT,-0.126486,0.87774,0.711513,0.009751,-0.154782,0.229758,-0.201637,-0.009751,-0.362442,0.273825,-0.147824,0.09882
Phex16125 2-ODD,-0.441207,0.678665,0.354191,0.120204,-0.764718,0.074055,0.079749,-0.191436,0.095192,-0.410777,-0.238008,-0.074055
Phex16321 OMT,0.715236,1.205635,0.903204,-0.088175,0.088175,-0.668823,-0.501358,-0.120335,0.17479,-0.30535,0.569051,-0.242766
Phex16400 OMT,-0.761587,-0.075212,0.299626,-0.315438,-1.236767,-0.16139,0.437916,0.367564,0.439601,-0.658275,0.57766,0.075212
Phex16622 CYP1_1,-0.864409,-0.053783,0.140077,0.350277,-0.873014,-0.537812,-1.055053,0.108619,0.650968,0.75611,0.053783,-0.497386
Phex16766 2-ODD,-0.147002,0.592904,-0.0075,0.0075,-0.644111,0.038138,-0.059223,0.708587,0.403046,-0.008977,-0.119262,0.182525
Phex17331 OMT,-0.362096,0,-0.303932,-1.963127,0,-2.957619,0.167159,1.753625,0.480858,1.55269,-0.600794,0.401963
Phex17345 2-ODD,-0.152451,-0.01136,0.644833,-0.240233,0.080425,0.190991,-0.233637,0.285682,0.245665,-1.031589,-0.317109,0.01136
Phex17419 OMT,0.064722,1.006494,1.29447,-0.33681,-0.307688,-0.064722,0.297293,0.718434,-0.360191,-0.244972,0.804427,-0.210571
Phex17447 OMT,0.042185,0.866325,1.302101,0.597236,-0.839817,0.317606,-0.216881,-0.502013,0.329347,-0.126403,-0.042185,-0.156687
Phex17518 CYP,-0.198309,0.20632,-0.908719,0.241169,-1.70168,-1.181253,0.021719,1.219025,0,0.503274,0,-0.021873
Phex17768 OMT,0.463949,1.005898,1.12582,0.268982,-1.129642,0.441669,-0.068675,-0.13663,-0.041411,-0.031698,0.031698,-0.598963
Phex17770 CYP,-0.541378,0.007557,0.805628,-0.007557,-0.475604,-0.02495,0.112122,-0.454503,-0.396225,0.251742,0.079274,0.175524
Phex17799 OMT,-0.014585,1.06768,1.107172,-1.210297,-0.470549,0.799454,-1.807345,0.765975,-0.281717,0.47404,0.014585,-0.284577
Phex18268 OMT,-0.007808,0.39966,0.228096,-0.152677,-1.578806,-0.140022,0.007808,-0.028904,0.371087,0.792083,0.604233,-0.065801
Phex18375 CYP,-0.209538,0.46213,0.651691,0.686638,-0.627543,-0.432773,-0.784171,0.726314,0.343398,0.209538,-0.701668,-0.730752
Phex18598 OMT,-0.17597,0.652889,0.323886,-1.765642,-0.960752,-2.158445,0.042938,0.047678,-0.177714,0.022972,-0.022972,0.669951
Phex18649 CYP,0.510279,0.581268,0.821312,-0.441677,0.219816,0.550889,0.01246,-1.278515,-0.01246,-0.893316,-0.20386,-0.131677
Phex18692 OMT,-0.014178,-0.194724,0.376194,-0.432606,-1.28547,-0.476411,0.026233,-0.921333,0.630267,0.092062,0.333358,0.014178
Phex18753 OMT,0.190525,0.949714,1.323548,-0.568036,-1.822591,-1.281237,0.429171,0.442076,-0.554012,0.0905,-0.25653,-0.0905
Phex18797 CYP,0.409599,0.588531,1.398775,-0.706099,-0.837056,-0.117799,0.07327,-0.675356,-0.07327,-0.16683,0.673552,0.269824
Phex19073 CYP,0.827202,0.371664,0.899409,-0.072939,-2.001084,-0.856097,-0.17257,0.002961,-0.002961,-0.3093,0.199153,0.494678
Phex19089 2-ODD,0.728837,0.165991,0.081942,-0.679021,-1.401397,0.34571,-0.010011,0.010011,-0.236363,-1.450183,-0.676272,0.308881
Phex19102 OMT,0.172265,1.237996,1.294776,0.023621,-0.492123,0,-0.585511,-0.579656,0.004358,-1.630784,-0.574795,0
Phex19624 OMT,-0.640756,0.98117,1.007491,-0.918752,-1.175224,-0.719646,0.384754,0.238433,0.216993,-0.216993,-0.74999,0.595698
Phex1966 2-ODD,0.622921,0.930874,1.274203,0.494062,-0.285041,0.653175,-0.24856,-0.089785,0.063289,-0.166175,-0.341197,-0.063289
Phex19669 2-ODD,-0.657768,-0.348498,0.947042,0.081002,-2.269382,-0.284831,0.581134,0.154989,0.157807,-0.081002,0.318427,-0.248269
Phex19827 OMT,-0.093951,0.420397,0.735174,-0.168063,-0.531122,-0.302825,0.040354,0.142746,-0.010656,-0.036766,0.010656,0.283461
Phex19873 CYP,-0.727078,0.359523,1.059537,-0.295411,-0.36617,-0.131893,1.036379,-0.272607,0.131893,-0.243748,0.649497,0.972185
Phex20214 OMT1,-1.263751,-0.878742,-0.828389,-0.188964,0.188964,0.704201,2.459357,-0.469789,1.592176,-0.308164,0.838517,1.681629
Phex20230 OMT,0.204014,0.246224,0.417456,0.251108,-0.649082,-0.012547,-0.751751,-0.758563,-0.29753,0.272295,0.012547,-0.297977
Phex20713 CYP,0.541387,1.041158,1.617033,-0.255217,-1.060692,0.87873,-1.063776,-0.091364,-0.522057,0.091364,0.751804,-0.248212
Phex20738 CYP1_2,-0.099862,0.099862,0.250793,-0.666326,-0.244512,-0.820581,-0.420197,0.467615,0.256061,0.204665,-0.451837,0.14454
Phex20810 2-ODD,-1.254578,0.000384,0.125114,-1.75081,-1.97672,-1.301153,-0.017196,0.7933,-0.000384,0.6853,0.177849,0.208441
Phex21033 CYP,-1.312475,0.145242,-1.455499,-0.126526,-1.987456,1.41622,0.404293,-0.259906,0.588795,-0.2523,1.028214,0.126526
Phex21041 OMT,-0.386923,-0.091026,0.091026,-0.974675,-1.402511,-0.917735,0.330298,-0.136957,0.16261,0.15181,0.60006,0.187907
Phex21157 OMT,-0.113151,0.212598,0.649396,-0.108538,-0.25829,0.04081,0.298826,-0.535976,0.207541,-0.158609,-0.04081,0.047309
Phex21326 2-ODD,-0.738866,0.269583,0.207196,0.188082,-0.782129,-0.204853,-0.254187,-0.044898,0.044898,-0.598355,0.546831,0.292319
Phex2152 CYP,-0.839909,-0.251116,0.190579,1.458303,1.037043,1.34033,-0.190579,0.532025,-0.354633,0.258646,-0.383151,-0.257651
Phex2153 CYP,-0.620526,0.094561,0.316794,1.146055,1.050831,1.511534,-0.352094,-0.258291,-0.171022,0.352958,-0.411625,-0.094561
Phex2168 CYP,1.244592,1.61494,2.0717,-0.716789,-0.991715,-0.034867,-1.198426,0.29577,0.034867,0.506535,-0.067903,-1.099665
Phex21828 OMT,0.22173,0.749574,0.682867,-0.326269,-0.551758,0.145907,-0.873438,-0.145907,0.536855,-0.360761,-0.644409,0.492315
Phex21901 CYP,-0.488365,0.694017,-0.05485,-0.155707,-1.180272,-0.641908,0.409656,1.018505,0.787915,1.661061,-0.804783,0.05485
Phex22016 OMT,-1.013347,-0.084935,1.211452,-0.965535,-2.363483,0.084935,0.343112,-0.488481,0.224902,0.45125,0.087673,-0.1875
Phex2207 CYP,1.585218,2.351035,2.442055,-0.131225,0.470994,1.340934,-0.002383,0.002383,-0.346379,-0.151415,-0.290164,-0.783876
Phex22410 OMT,-0.220881,0.373647,0.206366,-2.068253,-0.745731,-1.357066,0.581104,0.062678,-0.092929,0.009545,-0.009545,0.944381
Phex22574 CYP,1.004556,0.421407,0.304869,-0.638221,-1.092461,-0.600194,0.147363,-0.147363,0.389561,-0.656176,-2.16489,0.332527
Phex22891 2-ODD,-0.801582,0.736893,0.864173,0.530041,0.074247,-0.151901,-0.362283,-0.172167,0.495354,-0.025418,0.025418,-0.141189
Phex22935 OMT,-3.185793,-3.743085,-3.673545,-0.019088,-0.791765,0.236747,0.794599,-2.278662,0.767165,0.019088,1.044797,1.030193
Phex23045 CYP,0,-3.46656,-1.398408,-0.02998,-0.631542,0.395017,0.953618,0.753934,0.12088,0.859682,-0.291898,0
Phex23066 2-ODD,0.536547,-0.035075,0.722489,0.884879,-0.287236,0.774235,0.385407,-0.271338,0.035075,-0.084081,-0.354414,-0.324842
Phex23107 OMT,0.422686,0.970178,1.336378,0.531762,-0.705485,0.062944,-0.117685,0.148751,-1.301342,-0.993705,-0.062944,-0.527032
Phex23116 OMT,-0.902261,-0.147686,-0.121345,-0.008945,-2.710462,0.008945,0.372509,0.310423,0.65725,-0.221768,1.072545,0.540087
Phex2312 DIR_1,-1.573415,-0.686407,-0.216268,-0.019644,-0.7617,0.019644,1.208546,-0.216302,1.097461,0.376346,1.311168,1.313348
Phex23218 2-ODD,-1.771543,-0.79536,-0.350741,-0.60617,0.563568,0.424849,-0.171489,1.4206,0.142765,1.1114,0.360396,-0.142765
Phex23275 OMT,0.231126,0.826759,0.378387,-0.74215,-1.67764,-0.091618,-0.126311,-0.435247,0.398484,-1.159518,0.104918,0.091618
Phex23436 CYP,-1.97043,-0.743953,-0.696968,-0.233884,0.177894,0.708811,0.395438,-0.177894,0.917003,-0.722399,0.622523,0.722285
Phex23473 2-ODD,-3.035324,-2.133426,-2.316506,-0.441162,-0.770318,0.137846,-0.062878,0.215242,0.062878,0.24725,0.411642,0.393541
Phex23550 CYP,-0.575083,0.054601,-0.054601,1.390991,1.142839,2.054394,-0.222116,-1.807627,0.07101,-1.413656,0.103583,-0.51757
Phex23945 OMT,0.115331,0.624191,0.563503,-0.885729,0,-2.935731,0,0.627336,0.747691,-0.411701,-0.130994,-0.142885
Phex23998 OMT,-0.806451,0.22417,0.375418,-0.821459,-1.079627,-0.662643,0.106358,-0.534846,0.666887,-0.106358,0.767562,0.744919
Phex2402 OMT3_2,-2.829296,-1.814216,-1.500497,-0.106995,-0.891959,0.187606,1.290972,-0.68779,0.807233,0.106995,1.048984,1.402457
Phex2403 OMT3_1,-2.684773,-1.622376,-1.188004,-0.11721,-0.561848,0.11721,1.315508,-0.538472,1.242316,0.222381,1.325157,1.70382
Phex24176 2-ODD,0.336345,-0.24183,-0.162713,0.397304,-2.282008,-0.825606,-0.139104,0.619406,0.191094,0.139104,-1.388452,0.456113
Phex24374 OMT,-0.394465,0.060399,0.999599,-0.075239,-0.3135,0.23093,-0.025597,0.123277,0.383661,-1.390575,-0.786313,0.025597
Phex2467 DIR_2,-1.940546,-0.883684,-0.215928,0.003154,-1.266704,-0.003154,0.854725,-0.446122,0.888291,0.069605,0.954021,0.883439
Phex24797 OMT,0.285519,0.246729,0.444589,0.051393,-0.006067,0.122284,-0.373676,-0.708464,-0.161081,-0.414798,-0.745264,0.006067
Phex2487 OMT,0.376661,-0.386529,-0.702823,-0.197862,-2.016554,0.446135,0.632411,0.158298,-0.158298,0.394045,0.499087,-0.162466
Phex24944 2-ODD,1.061196,-0.145541,0.914769,-0.551188,-1.511385,-0.564586,-1.577398,3.363372,0,4.863209,0,1.005152
Phex24945 CYP,0.533962,0.599868,1.723394,0.29437,0.429446,0.105003,-1.133548,-0.105003,-1.170125,-1.74305,-2.706508,-0.75325
Phex25203 CYP,0.03881,0.534399,0.67151,-0.427529,-1.600505,-0.727245,0.776252,-2.761416,-0.177146,0.025156,0.279632,-0.025156
Phex25251 2-ODD,-1.141457,-0.070361,-0.998941,0.070361,0.505508,-0.346797,0.388842,3.25971,-0.939684,3.861081,-1.92338,0.791893
Phex25338 OMT,-0.601447,-0.298711,0.126312,-0.633965,-0.940452,0.518647,2.160689,-0.126312,2.10904,-0.699972,1.758719,0.678542
Phex25363 CYP,-0.197033,0.481356,0.88566,0.144428,-0.144428,0.165596,-0.26842,0.221556,-0.761357,-0.414519,-0.19496,0.189331
Phex25406 2-ODD,0.242232,0.096046,-0.096046,-0.456216,-0.478425,-3.442506,-0.316883,3.170789,0.09646,3.988838,-1.127369,1.003142
Phex25412 CYP,0.013771,0.077087,0.848034,0.156735,-1.21537,-0.097704,-0.220669,0.206344,-0.013771,-0.260112,0.826262,-0.234852
Phex25522 OMT,0.509721,0.682301,0.649793,0.024846,-0.718152,-0.492336,-0.024846,-0.202167,0.449496,-0.190811,0.29875,-0.322716
Phex25678 2-ODD,0.404568,0.938347,1.564018,0.197776,-0.440744,-0.029473,-0.246993,-0.560092,0.529519,-0.085409,-0.264415,0.029473
Phex25692 OMT,-0.014147,0.014147,0.782915,0.058245,-1.119628,0.307045,-0.360033,-0.031656,-0.299899,0.19169,-0.420531,0.357585
Phex25842 2-ODD,-2.814873,-1.29189,-3.482238,-0.008618,-1.067066,0.246082,1.159485,1.927179,-0.023751,1.887642,0.325492,0.008618
Phex26095 CYP,-0.851944,-0.763884,0.007715,-0.007715,0.402125,-0.429775,-0.384403,1.021216,0.095846,0.325812,-0.07918,0.60338
Phex26152 CYP,0.800408,1.003806,1.622483,-0.218759,0.218759,1.009443,-0.254423,-0.856297,-0.281285,0.507677,-1.774456,-0.783565
Phex26170 CYP,-2.128386,-0.066757,-0.994327,-1.872478,-0.267365,-1.899235,0.066757,0.076672,2.760235,0.394093,2.303939,1.848376
Phex26458 OMT,-0.421322,0.799648,1.102894,0.347185,-0.521431,0.011666,-0.364902,0.468855,-0.177773,-0.173528,-0.011666,0.395415
Phex26475 OMT,0.478285,0.672658,1.399574,0.319106,-0.50325,-0.368664,-0.075518,-0.224761,-0.105429,0.179511,0.075518,-0.398182
Phex26617 OMT,-6.300969,-2.348891,-3.444436,-1.007913,-1.151695,-0.304419,0.611148,1.047534,1.049547,0.330556,0.304419,1.083716
Phex26641 OMT,-0.420758,0.263626,-0.063674,-1.407036,-4.001586,-0.815861,-0.234188,0.403565,0.063674,0.401384,0.192552,0.177289
Phex26717 OMT,-2.257446,-1.838644,-4.133477,-1.718897,-2.440696,0.063072,0.939623,-0.063072,1.941168,0.905398,2.423445,1.505606
Phex26935 CYP,-3.174417,-2.560669,0,0.49176,0,0.32673,0.285724,0.343447,0.041126,-0.20265,-0.606639,-0.602785
Phex27031 2-ODD,0.362766,0.285927,0.985816,-1.148736,-0.620831,0.313003,-0.138656,0.30335,-1.682531,-1.137489,0.138656,-0.737584
Phex27158 2-ODD,0.63679,0.705522,0.153282,0.252996,0,0.281073,-0.814588,-0.193022,-0.153282,-0.75819,-0.731119,0
Phex27400 OMT,-0.157935,-0.08807,1.148743,-0.612246,0,-2.194833,0.099535,0,0.09056,-0.61993,1.135667,0.08807
Phex27451 CYP,0,0.282075,1.131058,2.006735,2.268379,2.328494,-1.094886,0,-0.527585,-2.140067,-2.059287,-1.115002
Phex2761 OMT,-0.473671,0.131756,0.705434,-0.304819,-0.917938,-0.274793,0.260097,0.08333,0.376703,-0.270426,-0.08333,0.379526
Phex27684 OMT,-0.598564,0.22458,0,-3.195316,0,-1.212881,0.058722,0.680404,-1.646151,0.323499,-0.226457,1.160448
Phex27758 CYP,-1.564795,-1.676505,-0.125834,0.725935,-0.183947,0.848057,0.81836,0.004021,-0.050694,-0.004021,0.131198,0.397076
Phex27859 OMT,0.128756,-0.128756,0.993703,-0.21911,0.262788,-0.18368,-1.170632,-0.182602,0.61578,0.388133,0.662864,-0.596634
Phex27862 CYP,-1.571727,-0.466107,0.146196,0.002679,-1.569379,-1.24494,0.077758,0.347947,0.389378,0.195128,-0.002679,-0.133328
Phex28056 OMT,-1.737702,0.02104,0.357785,-0.547428,-0.570432,-1.232423,1.034173,-0.801419,1.12535,-0.02104,1.163087,1.059418
Phex28081 2-ODD,-5.711329,-4.053091,-2.135003,0.558101,-0.019548,0.027419,0.047831,-0.762514,-0.073612,0.019548,0.817098,0.584142
Phex28162 OMT,2.024614,1.593938,1.05245,0,0,-0.07939,-1.701894,-0.119851,-0.729399,0.6166,0,0
Phex28268 CYP,-0.932484,-0.164616,0.292627,1.287564,0.978661,1.563793,-0.134315,0,0.130019,-3.304417,-1.290683,0
Phex2842 CYP,0.684906,0.600812,0.893773,-0.969089,-1.485343,-0.096239,-0.245135,0.096239,0.440001,-0.250278,0.1125,-0.594559
Phex2843 CYP,0.624417,0.966281,1.205746,-0.009563,-0.780227,-0.131981,-0.042711,-0.0312,-0.19202,0.009563,0.031133,0.352214
Phex2845 OMT,0.171629,0.822664,1.026098,0.308888,-0.552145,-0.011369,0.011369,-0.050448,-0.842094,-0.290168,-0.051567,0.178447
Phex28512 CYP,-2.505457,1.219513,1.094111,0.51375,-2.224661,-0.102378,0.102378,-1.311112,-0.61729,-3.341346,1.104858,0.172642
Phex28531 CYP,-1.231813,-0.349987,-0.489623,0.313673,-0.929452,-0.35933,0.49231,1.276106,0.686831,0.318586,-0.313673,0.72696
Phex2878 2-ODD,-0.362411,-0.068373,0.401316,0.400882,-0.760852,-0.216351,0.299412,0.685837,0.068373,0.548295,-0.816817,-0.169679
Phex28861 OMT,-1.245,-0.244892,0.432044,-1.039618,0,-0.989752,0,0.244892,0.450347,0.576022,-1.928293,0.330553
Phex28973 OMT,0.007179,0.733419,0.503165,-0.587481,-0.542061,-1.555246,0.576778,-0.999191,0.010641,-0.007179,0.293474,-0.9814
Phex29027 CYP,-0.600273,1.833821,1.593746,-2.30003,-2.083552,0.289696,0.839381,0,0,-1.324506,-0.289696,0.944161
Phex29134 OMT,0.056677,0.618747,0.804631,-0.947423,-0.056677,-0.129623,-0.128045,-0.124607,0.711766,0.672091,-0.442774,0.375882
Phex29182 CYP,-0.65002,-0.411192,-0.586881,0.035009,-0.145,1.327959,0.46152,-1.071443,0.900502,0.083133,0.844166,-0.035009
Phex29221 CYPa_1,-4.70465,0,-1.419904,2.658776,1.66283,2.386569,0,2.011021,-0.470331,1.013975,-2.437958,-0.656655
Phex29271 2-ODD,0,0.137299,-0.22729,0.911022,-0.645599,0.898504,-0.708123,0,-0.18294,0.581097,-0.137299,0.216931
Phex29275 OMT,-0.478796,0.25927,-0.362793,-0.81976,-2.673438,0.373342,0.164139,-0.835446,1.240915,0.771667,-0.164139,0.238071
Phex29338 2-ODD,-2.575416,0.759666,1.426696,-0.794451,0.047582,0.479072,-0.807582,-0.047582,-2.368722,0.38099,-0.742066,0.649398
Phex29408 OMT,-3.134208,-2.869637,-1.987603,0.134655,-0.347053,0.492878,0.65164,-1.125055,0.496566,-0.134655,0.823463,0.888203
Phex29496 CYP,-2.091787,-0.935606,-0.736919,-0.194602,-1.01585,1.027664,0.875959,-0.162792,0.538112,0.162792,0.23931,0.240687
Phex29566 CYP,0,0,-2.655403,-2.59193,-2.512432,0,0,1.809717,1.110208,1.200809,-0.210408,1.09704
Phex29584 CYP,-2.080611,0,-0.909465,0.994719,-0.181984,1.033815,-0.029368,0,1.341674,-0.805089,0.6987,1.084829
Phex29753 2-ODD,-1.751648,-0.765933,0.372201,1.053375,-1.436299,0.814631,0,0.779783,0,0.032281,-0.487131,-0.521346
Phex29868 OMT,-2.655049,0.203191,0.050986,-2.388887,-2.341189,-0.369653,-0.050986,0.222813,0.434604,-1.394405,0.689173,1.520245
Phex29905 OMT,-1.300515,-0.258735,0.572221,-0.084588,-2.583856,0.348377,-0.337551,0.352088,-0.383747,0.586734,0.357815,0.084588
Phex29915 CYP,-4.981698,-4.942795,-3.556489,0.103755,-0.535773,0.02184,0.069962,-0.035208,0.439203,0.373394,-0.02184,0.08804
Phex2992 OMT,-0.096139,0.451434,0.660676,-0.3639,-1.154488,-0.067944,-0.025541,0.134753,-0.129242,0.356939,0.089872,0.025541
Phex29975 CYP,-6.082121,0,-4.411232,-0.242446,-1.04031,-1.785244,1.440141,3.340379,2.405049,3.282753,0,1.646167
Phex29997 CYP,-3.60545,-2.477191,-2.420976,-0.034865,0.034865,0.234913,0.494742,-0.750188,0.417421,-1.391847,0.233401,0.562398
Phex30 OMT,-2.985682,-2.914123,-3.103173,0.712428,-0.328079,0.527859,0.787019,0.214136,0.153126,-0.153126,-0.159383,0.477396
Phex30270 2-ODD,-2.193757,0,0,0.387624,0.296123,0.957746,0.706056,-0.220962,-1.811243,-0.861722,0.220962,-0.868253
Phex30594 OMT,-1.039886,-0.417357,-0.096386,0.00529,-0.799528,0.148602,0.433011,-0.341267,0.349151,-0.00529,0.288568,0.560478
Phex30607 OMT,-0.497036,0.106282,0.462024,0.284482,-0.106282,0.50849,0.269976,-0.936617,0.304527,-0.623457,-0.38987,-0.118584
Phex30646 2-ODD,-0.409512,-0.000746,0.387671,0.164097,-0.453163,0.200795,-0.156422,0.032817,0.156056,0.000746,-0.164909,-0.135657
Phex30828 SDH,-1.952716,-1.083944,-0.683901,0.264708,-0.255656,0.616117,0.783565,-0.976366,0.492421,-0.476432,0.255656,0.768193
Phex30848 2-ODD2_2,-1.722009,-1.117929,-0.581633,-0.165702,-0.922474,0.165702,1.135946,-0.191673,1.271651,0.814555,2.020455,1.591136
Phex30934 CYP719A23,-1.352047,-0.613061,-0.252577,0.445902,-0.118464,0.693444,0.564601,-1.778393,0.385393,-0.796488,0.118464,0.448554
Phex31052 CYP,-0.349434,0.222606,0.51916,-0.292971,-1.121111,-0.385199,-0.063358,0.047647,-0.047647,0.066518,0.139749,0.132803
Phex31067 CYP,-0.81537,-0.367308,-0.011674,0.508277,0.07469,0.803122,0.676468,-1.605851,0.066559,-1.897016,-0.761762,0.011674
Phex31132 CYP,-0.068512,0.688493,1.18175,-0.015042,-0.348294,0.091105,0.218314,-0.764042,0.404328,-0.743944,-0.488394,0.015042
Phex31211 CYP,-0.249704,0.295812,0.651303,-0.798029,-1.165305,-0.434806,0.277954,-0.556741,0.208692,-0.153474,0.400808,0.153474
Phex3141 2-ODD,0.16202,0.172094,0.937107,-0.00896,-0.780996,0.14589,-0.30336,-0.637353,0.150819,-0.184151,-0.539123,0.00896
Phex31476 CYP,-0.313296,0.185935,0.664096,-0.168738,-0.822274,-0.324531,0.482477,-0.694778,0.422339,-0.403459,0.168738,0.511567
Phex31484 OMT,-0.342877,0.324192,0.602883,-0.32789,-1.004117,-0.342024,-0.03585,0.216366,0.334326,-0.002934,0.002934,0.192836
Phex31499 CYP,-1.119513,-0.929771,-0.654175,0.325962,-0.407525,0.43762,0.115106,-0.093731,0.5227,-0.077917,0.183511,0.077917
Phex3150 OMT,-1.240751,0.460623,0.679381,-0.00522,-2.550941,-0.008253,-1.020326,0.193658,0.158187,0.00522,-1.51854,0.657631
Phex31545 CYP,0.241718,0.592658,0.933767,0.065405,-0.552518,0.203652,-0.142455,-0.918008,0.218171,-0.690037,-0.227095,-0.065405
Phex31602 OMT,-0.488759,-0.103159,0.276041,-0.133376,-0.328196,0.121925,0.103159,0.221503,-0.226441,0.226764,0.245163,-0.234006
Phex31607 OMT,1.15182,1.357873,1.627336,0.218028,-0.534924,0.274309,0.007896,-0.007896,-0.127116,-0.585971,-0.444509,-0.707976
Phex31746 OMT,-0.435451,0.013908,0.346462,-0.33522,-1.063903,-0.14867,0.001765,-0.022333,0.1696,0.048042,0.172778,-0.001765
Phex31813 CYP,1.008784,1.490077,1.721858,-1.236367,-1.915977,-1.108793,-0.945047,-1.98446,-0.081713,0.081713,2.344002,1.523312
Phex31858 CYP,-0.893539,-0.175647,0.043004,-0.043004,-0.546223,0.188842,0.761963,0.099951,0.15707,-0.117041,-0.070134,0.334716
Phex31882 CYP,-0.416884,-0.136246,0.025886,0.521315,-0.033875,0.456388,-0.48019,1.000974,0.059042,0.608566,-0.321605,-0.025886
Phex3197 CYP73A107_2,-2.935338,-1.894332,-1.690263,0.485034,0.118598,0.568532,0.192681,0.232058,-0.11852,-0.102248,-0.6085,0.102248
Phex32010 CYP98A68,-1.695024,-1.061932,-0.901336,0.3583,-0.167702,0.821284,1.437877,-0.477196,0.82174,-0.401726,0.167702,0.905104
Phex32127 OMT,-0.884575,-0.380561,-0.010798,0.010798,-0.618276,0.322908,0.860079,-0.348611,0.586167,-0.145914,0.581462,1.008726
Phex32153 CYP,-1.638649,-2.423181,-0.728614,0.12025,-0.441534,-0.006952,-0.546172,0.648177,0.570423,0.69744,0.106291,0.006952
Phex32174 CYP,-0.411865,-0.020911,0.181792,-0.121561,-0.920899,-0.1182,0.069351,0.020911,0.275651,-0.029278,0.061053,0.105714
Phex32415 OMT,-0.605369,0.010172,0.174362,-0.167365,-0.656063,-0.000028,0.258546,-0.432188,0.218058,-0.480036,0.000028,0.092579
Phex32445 2-ODD,0.259484,0.589885,0.494143,0.664412,-0.294815,0.762485,-0.271237,0.0348,-0.115139,-0.140867,-0.0348,-0.427972
Phex32520 2-ODD,-0.817851,-0.451362,-0.138161,-1.02128,-1.31968,-0.979689,1.058339,0.138161,0.495749,0.183615,0.87725,1.60978
Phex32528 OMT4,-0.106961,0.231626,0.371857,0.010062,-0.354384,0.015265,-0.231631,0.366622,-0.05165,0.081868,-0.010062,-0.040754
Phex32688 CYP,-1.780794,-0.160148,-0.42514,-0.655643,-0.718648,-0.002564,0.504712,0.002564,0.199361,0.035498,0.955523,0.893653
Phex32713 OMT,0.202965,0.705295,1.068047,-0.115977,-0.50644,0.005755,-0.005755,-0.108612,-0.103699,0.190482,0.215714,-0.03244
Phex33154 2-ODD4_3,-1.1352,-0.454203,-0.052047,0.413271,0.001225,0.75006,0.23444,-0.001225,-0.11909,-0.024464,0.225296,0.252484
Phex33222 OMT,-2.023817,-0.763144,-0.681817,1.369913,0.689697,1.274487,0.730904,-0.709393,0.183245,-0.573019,-0.183245,0.478998
Phex33432 CYP,0.584964,0.8696,1.129407,-0.01338,-0.262387,0.203097,-0.100345,-0.007946,0.134343,-0.011455,-0.198053,0.007946
Phex33617 CYP75B65,-2.999036,-1.756694,-1.402642,-0.644432,-0.696435,-0.158226,0.805764,0.502443,0.158226,0.18333,0.540806,0.842831
Phex33692 CYP,0.187727,1.024118,1.337641,0.118436,-0.067722,0.798703,0.067722,-1.402115,-0.078291,-1.601134,-0.26896,-0.67451
Phex3381 CYP73A107_1,-2.545811,-2.155969,-1.612993,0.528507,-0.099087,0.410151,0.256967,0.456966,0.182496,-0.04364,-0.399621,0.04364
Phex33816 OMT,-0.978236,-0.648586,-0.157749,-1.111226,-1.667823,-0.972303,0.157749,0.465189,0.191046,0.721889,0.739683,0.583835
Phex33875 OMT,-2.365821,-1.645076,-0.261096,-0.931068,-1.193515,-0.579626,0.737123,1.806465,0.441042,1.531876,0.261096,0.776966
Phex34006 2-ODD,-0.250632,0.071941,0.273436,0.126854,-0.728626,0.151981,-0.071941,1.204144,-0.357072,1.191648,-0.498741,-0.14461
Phex34339 PPO,-4.27044,-2.800489,-2.644169,0.614381,-0.221786,1.135578,0.430851,-1.022765,0.385846,-1.709613,0.221786,0.546732
Phex34349 OMT,-0.473358,0.037061,0.054757,0.038909,-0.509827,0.326543,-0.327188,-0.022367,0.022367,-0.028096,0.061692,-0.363348
Phex34353 OMT,-5.806977,-4.757565,-3.317687,0.919173,0.528741,0.586566,1.284779,0.552225,1.376203,-0.674228,-0.528741,-0.549816
Phex3566 CYP,0.095058,1.003411,-0.064962,-0.698432,0.77033,-2.248597,-1.299911,-1.294585,0.289213,-0.31835,0.064962,0.731473
Phex359 PPO1_1,-1.163175,-0.108504,-0.185813,0.108504,-0.235816,0.619051,0.982859,-0.632129,0.676746,-0.82071,0.666131,0.991966
Phex360 PPO1_2,-0.869592,-0.916202,0.251046,-0.251046,-0.4842,0.604239,0.832785,-0.903867,0.381786,-1.674301,0.617601,0.799453
Phex3622 OMT6_1,-0.968561,-0.574435,-0.004593,0.456256,0.004593,0.577161,0.426099,-0.652149,0.30333,-0.701183,-0.099165,0.197572
Phex3623 OMT6_2,-0.788421,-0.044596,-0.358505,0.747111,0.038608,0.955133,0.693986,-0.673083,0.300061,-0.038608,-0.338413,0.340074
Phex3669 OMT,0.582223,1.102205,1.027075,-0.393823,-0.590452,-0.016692,-1.181835,0.187433,0.441724,-0.513296,-0.568694,0.016692
Phex3673 OMT5_1,-1.080498,-1.051974,-0.443837,0.366161,0.021043,0.491143,0.454879,-0.946502,0.636424,-0.391232,-0.021043,0.383078
Phex3674 OMT5_3,-0.623656,-0.722728,-0.392647,0.446404,-1.022543,1.099471,0.392647,-1.09878,0.515254,-3.136678,0.907351,1.64305
Phex3675 OMT5_2,-1.035529,-0.375234,-0.25389,0.488958,-0.339109,0.631014,0.590684,-0.882806,0.288135,-0.483004,0.327078,0.25389
Phex3851 2-ODD,0.563213,0.109849,1.077481,0.024689,-0.60523,-0.026828,-0.478697,-1.521968,-0.012823,-0.718095,0.012823,0.360896
Phex3868 OMT,0.430317,0.896001,1.185696,0.496621,-0.532875,0.032849,0.185114,-0.032849,-0.067454,-0.217884,-0.196401,-0.293632
Phex4023 2-ODD,0.403374,0.727372,1.307503,-0.504417,-1.16087,-0.639544,-0.433659,0.716835,0.016694,0.76738,-0.067942,-0.016694
Phex4495 2-ODD,-0.629647,0.104225,0.327706,-0.330971,-0.882181,-0.104225,0.129375,-0.424589,0.219887,-0.310679,0.183867,0.243185
Phex4623 2-ODD,-0.147512,0.518516,0.511499,0.147512,-0.273613,0.203869,-1.435542,0.966013,-0.780722,0.652226,-0.466977,-1.148388
Phex4712 OMT,-0.078835,0.411056,1.254733,-0.736964,-1.081821,-0.023594,0.023594,0.04823,0.506729,0.470812,-0.03289,-0.227535
Phex4737 OMT,0.241694,0.998783,1.295668,-0.741947,-0.793496,-0.09036,0.09036,-0.447226,-0.116565,-0.246944,0.391186,0.519401
Phex5086 OMT,-0.313178,0.450175,0.420337,-0.016497,-1.814174,0.152352,-0.285742,0.71074,0.016497,0.378377,-0.954264,-0.244985
Phex522 CYP71CU1_2,-1.082801,-0.182941,0.200071,0.086549,-0.375889,0.528309,0.728608,-2.306732,0.086552,-0.742427,-0.086549,0.469099
Phex523 CYP71CU1_3,0.656986,0.392209,0.533073,-1.156901,-0.871601,0.205624,0.636186,-2.468519,0.634547,-1.672145,-0.528068,-0.205624
Phex524 CYP71CU1_1,-0.95068,-0.351791,0.09569,0.016592,-0.54837,0.453441,0.645284,-1.73115,-0.002622,-0.939938,0.002622,0.558463
Phex5353 CYP,-2.131092,-2.195298,-1.434042,0.55847,-0.289292,0.26884,-0.066907,0.868153,0.066907,0.589855,-0.397249,0.174075
Phex5355 OMT,0.548747,1.000097,1.668799,0.24262,-0.781259,0.666744,-0.540214,-0.651123,0.197248,-0.722813,-0.197248,-0.738817
Phex536 OMT,-0.039141,0.863174,1.087626,0.036692,-1.937176,-0.159285,-0.28595,-0.285288,-0.036692,0.594679,0.274895,0.16401
Phex537 OMT2,0.075884,0.532246,0.860295,-0.803332,-1.497439,-0.644038,-0.281955,0.117698,-0.023743,0.023743,0.088849,-0.027893
Phex538 OMT2,0.083888,0.509067,1.005447,-1.143354,-1.374966,-0.700302,-0.315633,-0.054479,-0.046355,0.046355,0.283689,0.181483
Phex5394 CYP,-0.883208,-0.189913,0.082328,1.070114,0.916708,1.318992,-1.276923,-0.563022,0.063654,0.157076,-0.063654,-0.798927
Phex5395 CYP,-1.266982,-0.105652,-0.332783,1.616323,0.844554,1.547045,0.188908,0.308873,-1.275452,-0.135442,-0.579276,0.105652
Phex54 2-ODD,-2.480126,-1.798869,-1.521227,0.043784,-0.720101,0.157988,0.490624,0.313834,0.248987,-0.228859,-0.043784,0.203912
Phex5649 CYP,0.329862,0.865018,1.219788,-0.696315,-0.716336,0.046361,-0.311795,-1.340116,-0.046361,-1.026999,0.271943,0.258703
Phex5679 OMT1,-1.191675,-1.208847,-0.386209,-0.744243,-0.585399,1.186659,2.417853,0.386209,2.144765,-0.513932,1.222695,2.499868
Phex5680 OMT1,-2.311906,-1.716277,-1.094819,-0.028087,-0.73009,0.05128,1.348216,-0.983953,0.771186,0.028087,0.235168,1.009499
Phex5864 CYP,0.535437,1.272712,1.558721,-0.047453,0.047453,0.438871,-0.585447,-0.69254,-0.231739,-0.842916,0.14636,-0.05621
Phex5865 CYP,0.542622,1.026806,1.494476,0.02247,-0.091163,0.429392,-0.306771,-0.894291,0.444533,-1.077865,-0.02247,-0.028787
Phex6138 2-ODD,-3.16439,-2.340363,-1.769433,0.03583,-1.501627,0.124744,0.43194,0.50833,0.047145,0.165434,-0.03583,-0.042019
Phex6200 CYP,-0.059553,0.195447,0.059553,1.5409,0.78182,1.001591,-0.804296,-0.541121,-0.789202,0.241824,-0.266436,-0.585504
Phex6398 2-ODD,-0.269235,-0.484076,-0.057097,0.908136,-0.652463,0.696623,0.804031,-0.173284,0.544847,-0.062491,0.057097,0.487842
Phex6407 2-ODD,0.142749,-0.003008,1.10591,-0.365924,-1.068,0.309286,0.003008,-0.310483,0.033241,0.15251,-0.633338,-0.046218
Phex6408 2-ODD,-0.377118,0.545827,0.358723,0.445454,0.008044,0.543627,0.142944,-0.471693,-0.008044,-0.949109,-0.946899,-0.815675
Phex6409 2-ODD,0.279657,0.499566,1.107916,0.217351,-0.127475,0.459976,-1.105048,-0.268937,0.044578,-0.278935,-0.63844,-0.044578
Phex6426 OMT,-0.53488,0.207192,0.473814,-1.01596,-1.39202,-0.583608,0.259424,-0.633512,0.362099,-0.207192,0.332548,0.307878
Phex6589 OMT,-0.227039,-0.161893,0.518259,-0.349233,0.161893,1.087052,-0.912517,0.905343,0.851543,-1.913435,0.462366,-0.35961
Phex6624 PLR,-0.540802,0.074362,0.407614,-0.005075,-0.718387,0.12094,0.261131,-0.406522,0.395271,-0.362754,-0.038816,0.005075
Phex6678 CYP,0.56893,0.592131,1.071643,0.281183,0.046965,0.507036,-0.046965,-1.079966,-0.277671,-1.153099,-0.785497,-0.661347
Phex6682 2-ODD,-2.860752,-1.93113,-1.641316,0.153266,-0.064712,-0.240057,0.369391,0.292508,0.109535,-0.083401,0.064712,0.154832
Phex6709 2-ODD,0.131448,0.938511,0.959647,-0.215825,-2.049019,0.035005,-0.422432,-0.035005,-0.255711,0.107414,0.564991,-0.442981
Phex7000 CYP,0.171962,0.75697,1.147208,0.140589,-0.140589,0.632337,0.167453,-1.343552,-0.257198,-1.2609,-0.650818,-0.482962
Phex7041 OMT,0.336947,0.723924,0.889726,-0.07474,-0.915854,-0.158307,-0.415627,0.320657,0.089616,0.030609,-0.030609,-0.538373
Phex7168 CYP,0.249719,0.285668,1.464962,0.817176,0.120643,0.117498,-1.484485,-0.828296,-0.117498,-1.055914,-0.605429,-0.64541
Phex7244 OMT,1.236508,0.525851,0.656137,-1.178108,-0.148616,0.015618,-0.452452,-0.015618,0.280117,-0.531974,-1.455639,0.232647
Phex7407 OMT,0.539075,0.881063,1.601195,-0.012913,-0.741125,-0.014333,-0.143111,-1.103444,0.233786,0.009408,-0.009408,0.459024
Phex7610 OMT,-0.325773,0.248049,0.735901,-0.594502,-0.614865,-0.047403,0.239787,-0.219037,0.157532,-0.30233,0.047403,0.250196
Phex7804 CYP,-0.506557,0.151859,0.807432,-0.204418,-0.356419,0.075007,0.018238,-0.592749,0.361998,-0.018238,-0.310287,0.437933
Phex8001 2-ODD,-2.595978,-1.72734,-1.270694,0.257093,-0.367689,0.449866,0.583642,-0.097848,0.294004,-0.359192,0.097848,0.315861
Phex8002 2-ODD,-2.520426,-1.402463,-1.263793,0.127777,-0.127777,0.495122,0.541053,-0.273756,0.182512,-0.271595,0.467111,0.65914
Phex8017 OMT,0.582768,1.040948,1.10872,-0.223661,-1.577225,-0.214157,0.887221,-0.623088,-0.075041,-0.33936,0.196454,0.075041
Phex8018 OMT,0.268206,0.440833,1.217202,-1.100848,-0.750639,-0.475563,-0.085824,0.085824,0.293773,-0.167879,-0.396979,0.704041
Phex8175 OMT,-1.331333,0.674206,0.98149,-0.523883,0.024923,0.502167,-0.024923,-0.028101,0.651715,-0.687538,-0.425982,0.554916
Phex8244 OMT,-0.008337,0.108046,0.255302,-0.4424,-0.735737,-0.092194,0.008337,-0.224224,0.339211,0.188085,0.068895,-0.139141
Phex8366 CYP,-1.395115,-1.578022,-0.76657,0.908469,-0.108701,0.108701,-0.472758,1.839762,0.799295,1.451187,-0.38301,0.210563
Phex8509 2-ODD,0.042192,-0.098622,0.168183,-0.358394,-0.465927,-0.617034,0.095269,-0.153528,0.247849,0.082362,-0.042192,0.24575
Phex8565 CYP,-0.022359,1.321757,1.228078,-0.022109,-0.585921,0.022109,0.372593,-0.205213,0.199725,-0.157778,0.061053,-0.071742
Phex8746 CYP,-0.47188,-0.0051,0.402011,-0.560589,-0.836034,0.021108,-0.379343,0.19256,-0.15075,0.587234,0.081824,0.0051
Phex8799 OMT,-0.452936,0.031617,0.547075,-0.115544,-0.628837,0.254666,0.301201,0.474211,-0.039762,0.435221,-0.349214,-0.031617
Phex8842 CYP,-0.625308,-1.657988,1.162128,0.564934,-0.660813,-0.02553,0.857114,-0.215106,-0.025828,0.693083,0.02553,1.115989
Phex887 2-ODD,-0.976766,-0.388468,0.160726,-0.306159,-1.030586,-0.260081,0.421108,-0.160726,0.265772,0.317976,0.530747,0.429656
Phex8932 OMT,0.026805,0.788138,1.37869,-0.026805,-1.051561,0.253228,0.210982,0.040788,-0.113107,-0.086688,-0.138861,-0.666392
Phex8983 CYP,-0.86095,-0.4213,-0.494894,0.121018,-0.254729,0.627184,-0.500996,0.243705,0.068027,0.369727,0.355351,-0.068027
Phex9095 2-ODD3_4,-2.99806,-2.095956,-1.0423,0.635309,0.241857,0.970969,0.407222,-0.049563,0.049563,-0.419181,-0.504599,0.343356
Phex9096 2-ODD3_3,-2.69422,-1.568881,-2.091642,0.825152,-0.169856,0.788169,0.503718,0.274594,0.122315,-0.460431,-0.091729,0.091729
Phex9097 CYP9_3,-0.508728,-0.444303,0.201366,0.593218,-0.185743,0.088875,0.160074,-0.653594,1.124849,-0.463314,-0.088875,0.373622
Phex9099 CYP9_2,-1.301895,-1.130817,-0.969069,0.540672,-0.313747,-0.081263,0.786703,0.158222,0.772461,0.081263,-0.08373,0.532703
Phex9106 CYP,0.009948,0.331981,0.706183,-0.51978,-0.452147,-0.302589,-0.335557,0.148848,0.030101,-0.024351,0.108572,-0.009948
Phex9291 CYP,0.615719,0.593656,-0.006552,-1.175057,-2.101584,0.006552,0.173127,-2.174228,-0.4033,-3.184042,0.023769,0.375154
Phex9350 2-ODD,0.377685,1.174988,1.397593,-1.988478,0,-0.929793,0.864583,-0.977878,-2.02855,0,-0.375019,0.633156
Phex9482 2-ODD,0.42597,0.79855,0.995118,0.106917,-0.256257,0.171597,-0.004116,-0.577627,-0.037974,-0.327053,-0.292479,0.004116
Phex9633 CYP,0.532879,1.069423,1.187888,-0.19189,-0.754799,0.106433,-0.429924,-0.142881,0.291393,-0.108625,0.089046,-0.089046
Phex991 OMT,0.313347,0.727152,0.992136,0.008379,-0.569475,0.329674,-0.156795,-0.099783,0.029756,-0.509645,-0.008379,-0.110379
